Scenario,Total_Q2_Qty,Total_Q2_Revenue,Monthly_Avg_Qty,Monthly_Avg_Revenue,Source
Conservative,31956.0,51776591622.9207,10652.0,17258863874.3069,Blueprint scenario constant
Base,37596.0,60914780906.72571,12532.0,20304926968.90857,Blueprint scenario constant
Aggressive,42953.0,69594440480.01355,14317.666666666666,23198146826.671185,Blueprint scenario constant
